{
  "noise_type": "gaussian",
  "noise_param": 50,
  "train_loss": [
    0.376474814755576,
    0.03890048898756504,
    0.02072675552751337,
    0.0174318811457072,
    0.016205352464956895,
    0.01548008740480457,
    0.014792339743248053,
    0.014358193879680974,
    0.013631891326180525,
    0.013259496938969408,
    0.012774393228547913,
    0.0124580232160432,
    0.01239022918577705,
    0.011640213296881743,
    0.011550658249429293,
    0.012101741640695505,
    0.011791751853057317,
    0.011201051396450825,
    0.0108525992504188,
    0.011429738918585437,
    0.010995926867638315,
    0.010593343925263201,
    0.01055460942110845,
    0.01046976912766695,
    0.01048650432910238,
    0.010175693247999464,
    0.010270119112517153,
    0.010080685107303517,
    0.010110507719218731,
    0.010141674761793442
  ],
  "valid_loss": [
    0.07140121076788221,
    0.019269869529775212,
    0.01848847764943327,
    0.01693579075591905,
    0.01633285012628351,
    0.015014772436448507,
    0.014120916170733315,
    0.01376974635890552,
    0.01332091832799571,
    0.013408537155815534,
    0.0122065584707473,
    0.011730092577636242,
    0.011771157117826598,
    0.011318125429430179,
    0.014144303809319223,
    0.011544424907437392,
    0.010941046090530497,
    0.010642378591001034,
    0.01174213457852602,
    0.011256783136299678,
    0.010449210714016641,
    0.011239427807075637,
    0.010273861698806286,
    0.010287122867469276,
    0.010123140045574732,
    0.01028118415602616,
    0.010192506813577243,
    0.010197032243013382,
    0.009973832805241858,
    0.01058149803429842
  ],
  "valid_psnr": [
    59.75188032715223,
    65.45072198502899,
    65.59833247305065,
    66.03183514947695,
    66.31474323391953,
    66.70403945336629,
    67.03609752408421,
    67.16696802550432,
    67.30307703205716,
    67.18091796663113,
    67.78933933397644,
    67.97516375136153,
    68.07241932135433,
    68.24869273176398,
    67.1119819223774,
    68.20308692790006,
    68.51502043681158,
    68.6800169360423,
    67.91258773963484,
    68.17390074518273,
    68.69029507004356,
    68.22362844612057,
    68.81600437745185,
    68.75670870446207,
    68.93793007785956,
    68.92365617169769,
    68.94457035252701,
    68.83730440914447,
    69.07391133863685,
    68.64987086234967
  ]
}