{
  "noise_type": "gaussian",
  "noise_param": 50,
  "train_loss": [
    0.5428889585392815,
    0.08193849346467427,
    0.02658757727060999,
    0.019276675369058336,
    0.018036438950470517,
    0.01660675661904471,
    0.015500544969524657,
    0.014843177050352097,
    0.014457460891987597,
    0.013434613655720438,
    0.013403228218001979,
    0.012328194587358407,
    0.011981716379523277,
    0.011992049536534719,
    0.011613738989191396,
    0.01118404498057706,
    0.011166653861956937,
    0.010761597459869725,
    0.010884091790233339,
    0.011029886613999094,
    0.011154112539121084,
    0.011404884047806263,
    0.010358494307313646,
    0.010966633180422443,
    0.01136020737301026,
    0.011186397634446621,
    0.010409195375229632,
    0.010826962467815195,
    0.010645200631448202,
    0.01055009210748332
  ],
  "valid_loss": [
    0.1380477717944554,
    0.03600332034485681,
    0.018679540737399032,
    0.017551197670400143,
    0.01793537155858108,
    0.016001110364283835,
    0.01511857405837093,
    0.014774836599826813,
    0.013636642534817969,
    0.013996319978364877,
    0.012549581139215402,
    0.012246983924082347,
    0.011941167525947094,
    0.01134307183591383,
    0.011488658176468951,
    0.010940424100096737,
    0.010899500056569065,
    0.01082369006638016,
    0.01072703521432621,
    0.010781735181808472,
    0.010556419912193502,
    0.011003078360642706,
    0.01034403279689806,
    0.010375196845935923,
    0.010374979714729957,
    0.010221548245421477,
    0.010309797512101275,
    0.011627705634704657,
    0.011023407668939658,
    0.010601564776152372
  ],
  "valid_psnr": [
    57.0330047356194,
    62.6678596227491,
    65.57329591384013,
    65.84808013524835,
    65.86257214825686,
    66.29516690062601,
    66.60955283555381,
    66.8125876469145,
    67.15078329726337,
    67.22067945240828,
    67.64308055082363,
    67.77049394055223,
    67.8498890466746,
    68.2822041043119,
    68.33799765822482,
    68.41509084484309,
    68.48716971854024,
    68.52010005642545,
    68.6631513066014,
    68.4820011478821,
    68.7235371341192,
    68.51422150752686,
    68.85983741655224,
    68.89128493081911,
    68.82499995533281,
    68.93939065638463,
    68.87860052968678,
    68.19666298675061,
    68.48112371405549,
    68.72661896047447
  ]
}